Name,Address,lat,long,Price,url
海蘭花苑 四區,路環荷花圍78D號,22.1165041438,113.5695336585,850,http://www.malimalihome.net/residential/2828249
竹灣豪園 ,路環竹灣豪園第一街137-139號,22.1129368546,113.566993475,4500,http://www.malimalihome.net/residential/2846679
竹灣豪園 ,路環竹灣豪園第一街137-139號,22.1129368546,113.566993475,4980,http://www.malimalihome.net/residential/2912619
海蘭花苑 二區,路環荷花圍78D號,22.1165041438,113.5695336585,1180,http://www.malimalihome.net/residential/2192313
海蘭花苑 六區,路環荷花圍78D號,22.1165041438,113.5695336585,1980,http://www.malimalihome.net/residential/2619419
竹灣豪園 ,路環竹灣豪園第一街137-139號,22.1129368546,113.566993475,6800,http://www.malimalihome.net/residential/2224434
海蘭花苑 二區,路環荷花圍78D號,22.1165041438,113.5695336585,1180,http://www.malimalihome.net/residential/2192342
海蘭花苑 二區,路環荷花圍78D號,22.1165041438,113.5695336585,938,http://www.malimalihome.net/residential/2961660
海蘭花苑 四區,路環荷花圍78D號,22.1165041438,113.5695336585,795,http://www.malimalihome.net/residential/2948855
海蘭花苑 四區,路環荷花圍78D號,22.1165041438,113.5695336585,840,http://www.malimalihome.net/residential/2948817
海蘭花苑 四區,路環荷花圍78D號,22.1165041438,113.5695336585,795,http://www.malimalihome.net/residential/2777748
海蘭花苑 四區,路環荷花圍78D號,22.1165041438,113.5695336585,920,http://www.malimalihome.net/residential/2504697
海蘭花苑 二區,路環荷花圍78D號,22.1165041438,113.5695336585,868,http://www.malimalihome.net/residential/2868068
海蘭花苑 四區,路環荷花圍78D號,22.1165041438,113.5695336585,775,http://www.malimalihome.net/residential/2880386
海蘭花苑 三區卉苑/02座,路環荷花圍78D號,22.1165041438,113.5695336585,750,http://www.malimalihome.net/residential/1887820
海蘭花苑 二區,路環荷花圍78D號,22.1165041438,113.5695336585,1080,http://www.malimalihome.net/residential/2200823
竹灣豪園 低層 ,路環竹灣豪園第一街137-139號,22.1129368546,113.566993475,6800,http://www.malimalihome.net/residential/1808211
海蘭花苑 二區,路環荷花圍78D號,22.1165041438,113.5695336585,1180,http://www.malimalihome.net/residential/2236846
海蘭花苑 二區,路環荷花圍78D號,22.1165041438,113.5695336585,1100,http://www.malimalihome.net/residential/883483
海蘭花苑 四區,路環荷花圍78D號,22.1165041438,113.5695336585,1200,http://www.malimalihome.net/residential/1742561
海蘭花苑 三區,路環荷花圍78D號,22.1165041438,113.5695336585,720,http://www.malimalihome.net/residential/2934468
海蘭花苑 六區,路環荷花圍78D號,22.1165041438,113.5695336585,1980,http://www.malimalihome.net/residential/2829662
海蘭花苑 一區,路環荷花圍78D號,22.1165041438,113.5695336585,738,http://www.malimalihome.net/residential/2942522
海蘭花苑 四區,路環荷花圍78D號,22.1165041438,113.5695336585,850,http://www.malimalihome.net/residential/2758293
海蘭花苑 二區,路環荷花圍78D號,22.1165041438,113.5695336585,860,http://www.malimalihome.net/residential/2914790
海蘭花苑 四區,路環荷花圍78D號,22.1165041438,113.5695336585,850,http://www.malimalihome.net/residential/1609682
海蘭花苑 四區,路環荷花圍78D號,22.1165041438,113.5695336585,798,http://www.malimalihome.net/residential/2557562
海蘭花苑 四區,路環荷花圍78D號,22.1165041438,113.5695336585,795,http://www.malimalihome.net/residential/2235417
海蘭花苑 三區,路環荷花圍78D號,22.1165041438,113.5695336585,750,http://www.malimalihome.net/residential/1862516
海蘭花苑 二區,路環荷花圍78D號,22.1165041438,113.5695336585,1380,http://www.malimalihome.net/residential/2603531
海蘭花苑 二區,路環荷花圍78D號,22.1165041438,113.5695336585,1080,http://www.malimalihome.net/residential/1623993
海蘭花苑 一區,路環荷花圍78D號,22.1165041438,113.5695336585,738,http://www.malimalihome.net/residential/2160736
海蘭花苑 二區,路環荷花圍78D號,22.1165041438,113.5695336585,1180,http://www.malimalihome.net/residential/2189737
海蘭花苑 四區,路環荷花圍78D號,22.1165041438,113.5695336585,850,http://www.malimalihome.net/residential/2949298
海蘭花苑 三區卉苑/02座,路環荷花圍78D號,22.1165041438,113.5695336585,798,http://www.malimalihome.net/residential/1335622
海蘭花苑 一區,路環荷花圍78D號,22.1165041438,113.5695336585,748,http://www.malimalihome.net/residential/2950817
海蘭花苑 二區,路環荷花圍78D號,22.1165041438,113.5695336585,1076,http://www.malimalihome.net/residential/2199094
海蘭花苑 四區,路環荷花圍78D號,22.1165041438,113.5695336585,890,http://www.malimalihome.net/residential/1720135
海蘭花苑 二區,路環荷花圍78D號,22.1165041438,113.5695336585,860,http://www.malimalihome.net/residential/2950233
海蘭花苑 二區,路環荷花圍78D號,22.1165041438,113.5695336585,860,http://www.malimalihome.net/residential/2922477
海蘭花苑 四區,路環荷花圍78D號,22.1165041438,113.5695336585,850,http://www.malimalihome.net/residential/2947065
海蘭花苑 四區,路環荷花圍78D號,22.1165041438,113.5695336585,720,http://www.malimalihome.net/residential/2943196
海蘭花苑 二區,路環荷花圍78D號,22.1165041438,113.5695336585,860,http://www.malimalihome.net/residential/2770547
海蘭花苑 一區,路環荷花圍78D號,22.1165041438,113.5695336585,745,http://www.malimalihome.net/residential/2893449
海蘭花苑 四區,路環荷花圍78D號,22.1165041438,113.5695336585,720,http://www.malimalihome.net/residential/2063264
海蘭花苑 二區,路環荷花圍78D號,22.1165041438,113.5695336585,1080,http://www.malimalihome.net/residential/2556743
海蘭花苑 四區,路環荷花圍78D號,22.1165041438,113.5695336585,850,http://www.malimalihome.net/residential/2941238
海蘭花苑 一區,路環荷花圍78D號,22.1165041438,113.5695336585,748,http://www.malimalihome.net/residential/2647817
海蘭花苑 四區,路環荷花圍78D號,22.1165041438,113.5695336585,930,http://www.malimalihome.net/residential/2929104
海蘭花苑 二區,路環荷花圍78D號,22.1165041438,113.5695336585,1180,http://www.malimalihome.net/residential/2201174
海蘭花苑 四區,路環荷花圍78D號,22.1165041438,113.5695336585,930,http://www.malimalihome.net/residential/2938990
海蘭花苑 四區,路環荷花圍78D號,22.1165041438,113.5695336585,720,http://www.malimalihome.net/residential/2885588
海蘭花苑 二區,路環荷花圍78D號,22.1165041438,113.5695336585,870,http://www.malimalihome.net/residential/2937966
海蘭花苑 一區,路環荷花圍78D號,22.1165041438,113.5695336585,860,http://www.malimalihome.net/residential/2928859